{"credit":"Made with Blockbench","texture_size":[128,128],"textures":{"0":"christmas_2023_animated:christmas_2023_animated/cristmas_texture_01","1":"christmas_2023_animated:christmas_2023_animated/cristmas_animation_01","particle":"christmas_2023_animated:christmas_2023_animated/cristmas_texture_01"},"elements":[{"from":[7,2,5],"to":[9,11,7],"rotation":{"angle":0,"axis":"y","origin":[0,10,15]},"faces":{"north":{"uv":[2.5625,0.4375,2.8125,1.5625],"texture":"#0"},"east":{"uv":[2.5625,0.4375,2.8125,1.5625],"texture":"#0"},"south":{"uv":[2.5625,0.4375,2.8125,1.5625],"texture":"#0"},"west":{"uv":[2.5625,0.4375,2.8125,1.5625],"texture":"#0"},"up":{"uv":[2.5625,0.4375,2.8125,0.6875],"texture":"#0"},"down":{"uv":[2.5625,0.4375,2.8125,0.6875],"texture":"#0"}}},{"from":[4,14,1],"to":[12,22,1],"rotation":{"angle":0,"axis":"y","origin":[0,12,-0.5]},"faces":{"north":{"uv":[0,0,16,16],"texture":"#1"},"east":{"uv":[0,0,0,16],"texture":"#1"},"south":{"uv":[16,0,0,16],"texture":"#1"},"west":{"uv":[0,0,0,16],"texture":"#1"},"up":{"uv":[0,16,0,0],"rotation":90,"texture":"#1"},"down":{"uv":[0,0,0,16],"rotation":270,"texture":"#1"}}},{"from":[6.75,10,4.75],"to":[9.25,12.5,7.25],"rotation":{"angle":0,"axis":"y","origin":[7,14.5,23]},"faces":{"north":{"uv":[1.5625,2.125,1.875,2.4375],"texture":"#0"},"east":{"uv":[1.5625,2.125,1.875,2.4375],"texture":"#0"},"south":{"uv":[1.5625,2.125,1.875,2.4375],"texture":"#0"},"west":{"uv":[1.5625,2.125,1.875,2.4375],"texture":"#0"},"up":{"uv":[1.875,2.125,2.1875,2.4375],"texture":"#0"},"down":{"uv":[1.875,2.125,2.1875,2.4375],"texture":"#0"}}},{"from":[6.75,-0.5,4.75],"to":[9.25,2,7.25],"rotation":{"angle":0,"axis":"y","origin":[7,1.5,23]},"faces":{"north":{"uv":[1.5625,2.4375,1.875,2.125],"texture":"#0"},"east":{"uv":[1.5625,2.4375,1.875,2.125],"texture":"#0"},"south":{"uv":[1.5625,2.4375,1.875,2.125],"texture":"#0"},"west":{"uv":[1.5625,2.4375,1.875,2.125],"texture":"#0"},"up":{"uv":[1.875,2.4375,2.1875,2.125],"texture":"#0"},"down":{"uv":[1.875,2.4375,2.1875,2.125],"texture":"#0"}}},{"from":[7.5,12.5,2.45],"to":[11,16,5.55],"rotation":{"angle":45,"axis":"z","origin":[7.9375,13,6.7625]},"faces":{"north":{"uv":[2.25,0.4375,2.6875,0],"texture":"#0"},"east":{"uv":[2.6875,0.4375,3.075,0],"texture":"#0"},"south":{"uv":[2.6875,0.4375,2.25,0],"texture":"#0"},"west":{"uv":[2.6875,0.4375,3.075,0],"texture":"#0"},"up":{"uv":[3.125,0,3.5625,0.3875],"texture":"#0"},"down":{"uv":[3.125,0,3.5625,0.3875],"rotation":180,"texture":"#0"}}},{"from":[6.4,-14.58415,13.13415],"to":[6.4,-9.58415,18.13415],"rotation":{"angle":22.5,"axis":"x","origin":[8,-12.075,15.00915]},"faces":{"north":{"uv":[0,16,0,0],"rotation":180,"texture":"#missing"},"east":{"uv":[16,1.9375,15,0.9375],"rotation":90,"texture":"#0"},"south":{"uv":[0,16,0,0],"texture":"#missing"},"west":{"uv":[15,1.9375,16,0.9375],"rotation":270,"texture":"#0"},"up":{"uv":[0,14,0,0],"texture":"#missing"},"down":{"uv":[0,14,0,0],"rotation":180,"texture":"#missing"}}},{"from":[6.75,-13.33415,13.13415],"to":[9.25,-10.83415,15.63415],"rotation":{"angle":22.5,"axis":"x","origin":[8,-12.075,15.00915]},"faces":{"north":{"uv":[2.5,2.4375,2.8125,2.125],"rotation":180,"texture":"#0"},"east":{"uv":[2.1875,2.4375,2.5,2.125],"rotation":90,"texture":"#0"},"south":{"uv":[2.5,2.4375,2.8125,2.125],"texture":"#0"},"west":{"uv":[2.1875,2.4375,2.5,2.125],"rotation":270,"texture":"#0"},"up":{"uv":[2.1875,2.4375,2.5,2.125],"texture":"#0"},"down":{"uv":[2.1875,2.4375,2.5,2.125],"rotation":180,"texture":"#0"}}},{"from":[6.5,-13.68633,13.63342],"to":[9.5,-10.68633,16.63342],"rotation":{"angle":-22.5,"axis":"x","origin":[8,-12.075,15.00915]},"faces":{"north":{"uv":[2.25,1.5625,2.625,1.9375],"rotation":270,"texture":"#0"},"east":{"uv":[2.25,1.9375,1.875,1.5625],"texture":"#0"},"south":{"uv":[2.625,1.5625,3,1.9375],"texture":"#0"},"west":{"uv":[1.875,1.9375,2.25,1.5625],"texture":"#0"},"up":{"uv":[2.25,1.5625,2.625,1.9375],"rotation":270,"texture":"#0"},"down":{"uv":[2.625,1.9375,3,1.5625],"texture":"#0"}}},{"from":[9.6,-14.58415,13.13415],"to":[9.6,-9.58415,18.13415],"rotation":{"angle":22.5,"axis":"x","origin":[8,-12.075,15.00915]},"faces":{"north":{"uv":[0,16,0,0],"rotation":180,"texture":"#missing"},"east":{"uv":[16,1.9375,15,0.9375],"rotation":90,"texture":"#0"},"south":{"uv":[0,16,0,0],"texture":"#missing"},"west":{"uv":[15,1.9375,16,0.9375],"rotation":270,"texture":"#0"},"up":{"uv":[0,14,0,0],"texture":"#missing"},"down":{"uv":[0,14,0,0],"rotation":180,"texture":"#missing"}}},{"from":[6.15,-2.35688,4.72679],"to":[9.85,1.14312,8.22679],"rotation":{"angle":22.5,"axis":"x","origin":[8,-0.15598,6]},"faces":{"north":{"uv":[3.5625,0,3.125,0.3875],"rotation":90,"texture":"#0"},"east":{"uv":[2.25,0.4375,2.6875,0],"rotation":270,"texture":"#0"},"south":{"uv":[3.5625,0,3.125,0.3875],"rotation":270,"texture":"#0"},"west":{"uv":[2.6875,0.4375,2.25,0],"rotation":90,"texture":"#0"},"up":{"uv":[2.6875,0,3.075,0.4375],"texture":"#0"},"down":{"uv":[2.6875,0,3.075,0.4375],"rotation":180,"texture":"#0"}}},{"from":[5.75,-2.3,5],"to":[10.25,0.2,7.5],"rotation":{"angle":22.5,"axis":"x","origin":[7,-1.2,7]},"faces":{"north":{"uv":[1.875,1,2.1875,1.5625],"rotation":270,"texture":"#0"},"east":{"uv":[2.25,0.4375,2.5625,0.75],"rotation":180,"texture":"#0"},"south":{"uv":[2.1875,1,2.5,1.5625],"rotation":90,"texture":"#0"},"west":{"uv":[2.25,0.75,2.5625,0.4375],"texture":"#0"},"up":{"uv":[1.875,1,2.1875,1.5625],"rotation":90,"texture":"#0"},"down":{"uv":[2.1875,1,2.5,1.5625],"rotation":270,"texture":"#0"}}},{"from":[5.75,11.8,5],"to":[10.25,14.3,7.5],"rotation":{"angle":-22.5,"axis":"x","origin":[7,13.2,7]},"faces":{"north":{"uv":[2.1875,1,1.875,1.5625],"rotation":270,"texture":"#0"},"east":{"uv":[2.25,0.75,2.5625,0.4375],"rotation":180,"texture":"#0"},"south":{"uv":[2.5,1,2.1875,1.5625],"rotation":90,"texture":"#0"},"west":{"uv":[2.25,0.4375,2.5625,0.75],"texture":"#0"},"up":{"uv":[2.5,1,2.1875,1.5625],"rotation":270,"texture":"#0"},"down":{"uv":[2.1875,1,1.875,1.5625],"rotation":90,"texture":"#0"}}},{"from":[6,13.3,1.65],"to":[8.5,15.8,6.15],"rotation":{"angle":-45,"axis":"z","origin":[8,13.8,2.9]},"faces":{"north":{"uv":[2.25,0.75,2.5625,0.4375],"rotation":90,"texture":"#0"},"east":{"uv":[2.1875,1,2.5,1.5625],"rotation":90,"texture":"#0"},"south":{"uv":[2.25,0.4375,2.5625,0.75],"rotation":90,"texture":"#0"},"west":{"uv":[1.875,1,2.1875,1.5625],"rotation":90,"texture":"#0"},"up":{"uv":[1.875,1,2.1875,1.5625],"rotation":180,"texture":"#0"},"down":{"uv":[2.1875,1,2.5,1.5625],"texture":"#0"}}},{"from":[7.75,-10.5,15.5],"to":[8.25,6,16],"rotation":{"angle":0,"axis":"y","origin":[8,-10.25,15.75]},"faces":{"north":{"uv":[0.25,9.3125,0.3125,7.25],"texture":"#0"},"east":{"uv":[0.25,9.3125,0.3125,7.25],"texture":"#0"},"south":{"uv":[0.25,9.3125,0.3125,7.25],"texture":"#0"},"west":{"uv":[0.25,9.3125,0.3125,7.25],"texture":"#0"},"up":{"uv":[0.25,7.3125,0.3125,7.25],"texture":"#0"},"down":{"uv":[0.25,7.3125,0.3125,7.25],"texture":"#0"}}},{"from":[7.75,6,15.5],"to":[8.25,22.5,16],"rotation":{"angle":0,"axis":"y","origin":[8,22.25,15.75]},"faces":{"north":{"uv":[0.25,7.25,0.3125,9.3125],"texture":"#0"},"east":{"uv":[0.25,7.25,0.3125,9.3125],"texture":"#0"},"south":{"uv":[0.25,7.25,0.3125,9.3125],"texture":"#0"},"west":{"uv":[0.25,7.25,0.3125,9.3125],"texture":"#0"},"up":{"uv":[0.25,7.25,0.3125,7.3125],"texture":"#0"},"down":{"uv":[0.25,7.25,0.3125,7.3125],"texture":"#0"}}},{"from":[6.15,10.85688,4.72679],"to":[9.85,14.35688,8.22679],"rotation":{"angle":-22.5,"axis":"x","origin":[8,12.15598,6]},"faces":{"north":{"uv":[3.125,0,3.5625,0.3875],"rotation":90,"texture":"#0"},"east":{"uv":[2.6875,0.4375,2.25,0],"rotation":270,"texture":"#0"},"south":{"uv":[3.125,0,3.5625,0.3875],"rotation":270,"texture":"#0"},"west":{"uv":[2.25,0.4375,2.6875,0],"rotation":90,"texture":"#0"},"up":{"uv":[2.6875,0.4375,3.075,0],"rotation":180,"texture":"#0"},"down":{"uv":[2.6875,0.4375,3.075,0],"texture":"#0"}}},{"from":[6.75,-8.03417,7.26583],"to":[9.25,-0.03417,11.26583],"rotation":{"angle":-22.5,"axis":"x","origin":[8,-8.06168,10.78682]},"faces":{"north":{"uv":[5.4375,6.25,4.4375,6.5625],"rotation":90,"texture":"#0"},"east":{"uv":[4.4375,5.75,5.4375,6.25],"rotation":90,"texture":"#0"},"south":{"uv":[4.4375,6.9375,5.4375,6.625],"rotation":270,"texture":"#0"},"west":{"uv":[4.4375,6.25,5.4375,5.75],"rotation":90,"texture":"#0"},"up":{"uv":[3.9375,6.8125,4.25,6.3125],"rotation":180,"texture":"#0"},"down":{"uv":[3.9375,6.8125,4.25,6.3125],"rotation":180,"texture":"#0"}}},{"from":[10,12,2],"to":[12,13.5,4],"rotation":{"angle":45,"axis":"z","origin":[10,11.375,12]},"faces":{"north":{"uv":[1.875,0.8125,2.125,1],"texture":"#0"},"east":{"uv":[1.75,0.625,2,0.8125],"texture":"#0"},"south":{"uv":[2.125,0.8125,1.875,1],"texture":"#0"},"west":{"uv":[1.75,0.625,2,0.8125],"texture":"#0"},"up":{"uv":[1.75,0.375,2,0.625],"rotation":90,"texture":"#0"},"down":{"uv":[1.75,0.375,2,0.625],"rotation":270,"texture":"#0"}}},{"from":[4,12,2],"to":[6,13.5,4],"rotation":{"angle":-45,"axis":"z","origin":[6,11.375,12]},"faces":{"north":{"uv":[2.125,0.8125,1.875,1],"texture":"#0"},"east":{"uv":[2,0.625,1.75,0.8125],"texture":"#0"},"south":{"uv":[1.875,0.8125,2.125,1],"texture":"#0"},"west":{"uv":[2,0.625,1.75,0.8125],"texture":"#0"},"up":{"uv":[1.75,0.625,2,0.375],"rotation":90,"texture":"#0"},"down":{"uv":[1.75,0.625,2,0.375],"rotation":270,"texture":"#0"}}},{"from":[2.5,7,0],"to":[7.5,9,6],"rotation":{"angle":-45,"axis":"z","origin":[6,11.375,12]},"faces":{"north":{"uv":[1.625,1.625,1,1.875],"texture":"#0"},"east":{"uv":[1.75,1.875,1,2.125],"texture":"#0"},"south":{"uv":[1,1.625,1.625,1.875],"texture":"#0"},"west":{"uv":[1.75,1.875,1,2.125],"texture":"#0"},"up":{"uv":[1,1.5,1.75,0.875],"rotation":90,"texture":"#0"},"down":{"uv":[1,1.5,1.75,0.875],"rotation":270,"texture":"#0"}}},{"from":[3.5,9,1],"to":[6.5,12,5],"rotation":{"angle":-45,"axis":"z","origin":[6,11.375,12]},"faces":{"north":{"uv":[1.5,0,1.125,0.375],"texture":"#0"},"east":{"uv":[2.125,0,1.625,0.375],"texture":"#0"},"south":{"uv":[1.125,0,1.5,0.375],"texture":"#0"},"west":{"uv":[2.125,0,1.625,0.375],"texture":"#0"},"up":{"uv":[1.125,0.75,1.625,0.375],"rotation":90,"texture":"#0"},"down":{"uv":[1.125,0.75,1.625,0.375],"rotation":270,"texture":"#0"}}},{"from":[8.5,7,0],"to":[13.5,9,6],"rotation":{"angle":45,"axis":"z","origin":[10,11.375,12]},"faces":{"north":{"uv":[1,1.625,1.625,1.875],"texture":"#0"},"east":{"uv":[1,1.875,1.75,2.125],"texture":"#0"},"south":{"uv":[1.625,1.625,1,1.875],"texture":"#0"},"west":{"uv":[1,1.875,1.75,2.125],"texture":"#0"},"up":{"uv":[1,0.875,1.75,1.5],"rotation":90,"texture":"#0"},"down":{"uv":[1,0.875,1.75,1.5],"rotation":270,"texture":"#0"}}},{"from":[9.5,9,1],"to":[12.5,12,5],"rotation":{"angle":45,"axis":"z","origin":[10,11.375,12]},"faces":{"north":{"uv":[1.125,0,1.5,0.375],"texture":"#0"},"east":{"uv":[1.625,0,2.125,0.375],"texture":"#0"},"south":{"uv":[1.5,0,1.125,0.375],"texture":"#0"},"west":{"uv":[1.625,0,2.125,0.375],"texture":"#0"},"up":{"uv":[1.125,0.375,1.625,0.75],"rotation":90,"texture":"#0"},"down":{"uv":[1.125,0.375,1.625,0.75],"rotation":270,"texture":"#0"}}},{"from":[-1,13,0.5],"to":[3,17,0.5],"rotation":{"angle":45,"axis":"y","origin":[4.5,15,4.5]},"faces":{"north":{"uv":[13.6875,0.9375,14.1875,1.4375],"texture":"#0"},"east":{"uv":[0,0,0,14],"texture":"#missing"},"south":{"uv":[14.1875,0.9375,13.6875,1.4375],"texture":"#0"},"west":{"uv":[0,0,0,14],"texture":"#missing"},"up":{"uv":[0,0,0,16],"rotation":90,"texture":"#missing"},"down":{"uv":[0,0,0,16],"rotation":270,"texture":"#missing"}}},{"from":[2,14,1.5],"to":[6,18,1.5],"rotation":{"angle":22.5,"axis":"y","origin":[4.5,16,4.5]},"faces":{"north":{"uv":[13.6875,0.9375,14.1875,1.4375],"texture":"#0"},"east":{"uv":[0,0,0,14],"texture":"#missing"},"south":{"uv":[14.1875,0.9375,13.6875,1.4375],"texture":"#0"},"west":{"uv":[0,0,0,14],"texture":"#missing"},"up":{"uv":[0,0,0,16],"rotation":90,"texture":"#missing"},"down":{"uv":[0,0,0,16],"rotation":270,"texture":"#missing"}}},{"from":[10,14,1.5],"to":[14,18,1.5],"rotation":{"angle":-22.5,"axis":"y","origin":[11.5,16,4.5]},"faces":{"north":{"uv":[14.1875,0.9375,13.6875,1.4375],"texture":"#0"},"east":{"uv":[0,0,0,14],"texture":"#missing"},"south":{"uv":[13.6875,0.9375,14.1875,1.4375],"texture":"#0"},"west":{"uv":[0,0,0,14],"texture":"#missing"},"up":{"uv":[0,16,0,0],"rotation":90,"texture":"#missing"},"down":{"uv":[0,16,0,0],"rotation":270,"texture":"#missing"}}},{"from":[13,13,0.5],"to":[17,17,0.5],"rotation":{"angle":-45,"axis":"y","origin":[11.5,15,4.5]},"faces":{"north":{"uv":[14.1875,0.9375,13.6875,1.4375],"texture":"#0"},"east":{"uv":[0,0,0,14],"texture":"#missing"},"south":{"uv":[13.6875,0.9375,14.1875,1.4375],"texture":"#0"},"west":{"uv":[0,0,0,14],"texture":"#missing"},"up":{"uv":[0,16,0,0],"rotation":90,"texture":"#missing"},"down":{"uv":[0,16,0,0],"rotation":270,"texture":"#missing"}}},{"from":[12,14.1,10.3],"to":[23,19.3,10.3],"rotation":{"angle":-45,"axis":"y","origin":[17.5,16.7,4.3]},"faces":{"north":{"uv":[11.5625,0.65,12.9375,0],"texture":"#0"},"east":{"uv":[1.9375,2.9,2.325,2.5],"texture":"#0"},"south":{"uv":[12.9375,0.65,11.5625,0],"texture":"#0"},"west":{"uv":[1.9375,2.9,2.325,2.5],"texture":"#0"},"up":{"uv":[2.375,2.5,2.75,2.8875],"texture":"#0"},"down":{"uv":[1.125,2.9375,1.5,3.325],"rotation":180,"texture":"#0"}}},{"from":[-7.2,14.1,10.3],"to":[3.8,19.3,10.3],"rotation":{"angle":45,"axis":"y","origin":[-1.7,16.7,4.3]},"faces":{"north":{"uv":[12.9375,0.65,11.5625,0],"texture":"#0"},"east":{"uv":[2.325,2.9,1.9375,2.5],"texture":"#0"},"south":{"uv":[11.5625,0.65,12.9375,0],"texture":"#0"},"west":{"uv":[2.325,2.9,1.9375,2.5],"texture":"#0"},"up":{"uv":[2.75,2.5,2.375,2.8875],"texture":"#0"},"down":{"uv":[1.5,2.9375,1.125,3.325],"rotation":180,"texture":"#0"}}},{"from":[7,-9,7.2],"to":[9,-1,9.2],"rotation":{"angle":-45,"axis":"x","origin":[0,-3,16]},"faces":{"north":{"uv":[2.5625,0.4375,2.8125,1.4375],"texture":"#0"},"east":{"uv":[2.5625,0.4375,2.8125,1.4375],"texture":"#0"},"south":{"uv":[2.5625,0.4375,2.8125,1.4375],"texture":"#0"},"west":{"uv":[2.5625,0.4375,2.8125,1.4375],"texture":"#0"},"up":{"uv":[2.5625,0.4375,2.8125,0.6875],"texture":"#0"},"down":{"uv":[2.5625,0.4375,2.8125,0.6875],"texture":"#0"}}},{"from":[6.75,12.03417,7.26583],"to":[9.25,20.03417,11.26583],"rotation":{"angle":22.5,"axis":"x","origin":[8,20.06168,10.78682]},"faces":{"north":{"uv":[4.4375,6.25,5.4375,6.5625],"rotation":90,"texture":"#0"},"east":{"uv":[5.4375,5.75,4.4375,6.25],"rotation":90,"texture":"#0"},"south":{"uv":[5.4375,6.9375,4.4375,6.625],"rotation":270,"texture":"#0"},"west":{"uv":[5.4375,6.25,4.4375,5.75],"rotation":90,"texture":"#0"},"up":{"uv":[3.9375,6.3125,4.25,6.8125],"rotation":180,"texture":"#0"},"down":{"uv":[3.9375,6.3125,4.25,6.8125],"rotation":180,"texture":"#0"}}},{"from":[7,13,7.2],"to":[9,21,9.2],"rotation":{"angle":45,"axis":"x","origin":[0,15,16]},"faces":{"north":{"uv":[2.5625,1.4375,2.8125,0.4375],"texture":"#0"},"east":{"uv":[2.5625,1.4375,2.8125,0.4375],"texture":"#0"},"south":{"uv":[2.5625,1.4375,2.8125,0.4375],"texture":"#0"},"west":{"uv":[2.5625,1.4375,2.8125,0.4375],"texture":"#0"},"up":{"uv":[2.5625,0.6875,2.8125,0.4375],"texture":"#0"},"down":{"uv":[2.5625,0.6875,2.8125,0.4375],"texture":"#0"}}},{"from":[6.4,21.58415,13.13415],"to":[6.4,26.58415,18.13415],"rotation":{"angle":-22.5,"axis":"x","origin":[8,24.075,15.00915]},"faces":{"north":{"uv":[0,0,0,16],"rotation":180,"texture":"#missing"},"east":{"uv":[15,1.9375,16,0.9375],"rotation":90,"texture":"#0"},"south":{"uv":[0,0,0,16],"texture":"#missing"},"west":{"uv":[16,1.9375,15,0.9375],"rotation":270,"texture":"#0"},"up":{"uv":[0,0,0,14],"rotation":180,"texture":"#missing"},"down":{"uv":[0,0,0,14],"texture":"#missing"}}},{"from":[6.5,22.68633,13.63342],"to":[9.5,25.68633,16.63342],"rotation":{"angle":22.5,"axis":"x","origin":[8,24.075,15.00915]},"faces":{"north":{"uv":[2.625,1.5625,2.25,1.9375],"rotation":270,"texture":"#0"},"east":{"uv":[2.25,1.5625,1.875,1.9375],"texture":"#0"},"south":{"uv":[2.625,1.9375,3,1.5625],"texture":"#0"},"west":{"uv":[1.875,1.5625,2.25,1.9375],"texture":"#0"},"up":{"uv":[2.625,1.5625,3,1.9375],"texture":"#0"},"down":{"uv":[2.625,1.5625,2.25,1.9375],"rotation":270,"texture":"#0"}}},{"from":[9.6,21.58415,13.13415],"to":[9.6,26.58415,18.13415],"rotation":{"angle":-22.5,"axis":"x","origin":[8,24.075,15.00915]},"faces":{"north":{"uv":[0,0,0,16],"rotation":180,"texture":"#missing"},"east":{"uv":[15,1.9375,16,0.9375],"rotation":90,"texture":"#0"},"south":{"uv":[0,0,0,16],"texture":"#missing"},"west":{"uv":[16,1.9375,15,0.9375],"rotation":270,"texture":"#0"},"up":{"uv":[0,0,0,14],"rotation":180,"texture":"#missing"},"down":{"uv":[0,0,0,14],"texture":"#missing"}}},{"from":[6.75,22.83415,13.13415],"to":[9.25,25.33415,15.63415],"rotation":{"angle":-22.5,"axis":"x","origin":[8,24.075,15.00915]},"faces":{"north":{"uv":[2.5,2.125,2.8125,2.4375],"rotation":180,"texture":"#0"},"east":{"uv":[2.5,2.4375,2.1875,2.125],"rotation":90,"texture":"#0"},"south":{"uv":[2.5,2.125,2.8125,2.4375],"texture":"#0"},"west":{"uv":[2.5,2.4375,2.1875,2.125],"rotation":270,"texture":"#0"},"up":{"uv":[2.1875,2.125,2.5,2.4375],"rotation":180,"texture":"#0"},"down":{"uv":[2.1875,2.125,2.5,2.4375],"texture":"#0"}}},{"from":[7.9,-3.5,8],"to":[7.9,3.5,14],"rotation":{"angle":0,"axis":"y","origin":[7.9,-12.5,19.5]},"faces":{"north":{"uv":[0,0,0,12],"texture":"#missing"},"east":{"uv":[14.5,0,13.75,0.875],"texture":"#0"},"south":{"uv":[0,0,0,12],"texture":"#missing"},"west":{"uv":[13.75,0,14.5,0.875],"texture":"#0"},"up":{"uv":[0,0,0,10],"texture":"#missing"},"down":{"uv":[0,0,0,10],"texture":"#missing"}}},{"from":[7.9,22,17],"to":[7.9,29,23],"rotation":{"angle":22.5,"axis":"x","origin":[7.9,26,20]},"faces":{"north":{"uv":[0,0,0,12],"texture":"#missing"},"east":{"uv":[14.5,0,13.75,0.875],"texture":"#0"},"south":{"uv":[0,0,0,12],"texture":"#missing"},"west":{"uv":[13.75,0,14.5,0.875],"texture":"#0"},"up":{"uv":[0,0,0,10],"texture":"#missing"},"down":{"uv":[0,0,0,10],"texture":"#missing"}}},{"from":[8,22.10951,5.57763],"to":[8,27.10951,12.57763],"rotation":{"angle":-45,"axis":"x","origin":[8,22.3827,10]},"faces":{"north":{"uv":[0,10,0,0],"rotation":180,"texture":"#missing"},"east":{"uv":[13.0625,0,13.6875,0.875],"rotation":270,"texture":"#0"},"south":{"uv":[0,10,0,0],"texture":"#missing"},"west":{"uv":[13.6875,0,13.0625,0.875],"rotation":90,"texture":"#0"},"up":{"uv":[0,0,0,12],"rotation":180,"texture":"#missing"},"down":{"uv":[0,0,0,12],"texture":"#missing"}}},{"from":[8,17.96032,9.72681],"to":[8,24.96032,14.72681],"rotation":{"angle":0,"axis":"y","origin":[8,22.3827,10]},"faces":{"north":{"uv":[0,0,0,12],"texture":"#missing"},"east":{"uv":[13.6875,0,13.0625,0.875],"texture":"#0"},"south":{"uv":[0,0,0,12],"texture":"#missing"},"west":{"uv":[13.0625,0,13.6875,0.875],"texture":"#0"},"up":{"uv":[0,0,0,10],"texture":"#missing"},"down":{"uv":[0,0,0,10],"texture":"#missing"}}},{"from":[6.45,-1.9,2.9],"to":[9.55,1.3,5.9],"rotation":{"angle":0,"axis":"y","origin":[8,-7.61142,11.0625]},"faces":{"north":{"uv":[1.5,2.9,1.8875,2.5],"texture":"#0"},"east":{"uv":[1.5,2.9,1.125,2.5],"texture":"#0"},"south":{"uv":[1.5,2.9,1.8875,2.5],"texture":"#0"},"west":{"uv":[1.125,2.9,1.5,2.5],"texture":"#0"},"up":{"uv":[2.25,2.9375,2.625,3.325],"rotation":270,"texture":"#0"},"down":{"uv":[3.5,4.5,3.875,4.8875],"rotation":270,"texture":"#0"}}},{"from":[3,12.42389,3.5],"to":[8,19.42389,3.5],"rotation":{"angle":-45,"axis":"z","origin":[5.89628,15.92389,3.5]},"faces":{"north":{"uv":[14.5,0,15.125,0.875],"texture":"#0"},"east":{"uv":[0,0,0,12],"texture":"#missing"},"south":{"uv":[15.125,0,14.5,0.875],"texture":"#0"},"west":{"uv":[0,0,0,12],"texture":"#missing"},"up":{"uv":[0,0,0,10],"rotation":90,"texture":"#missing"},"down":{"uv":[0,0,0,10],"rotation":270,"texture":"#missing"}}},{"from":[8,12.42389,3.5],"to":[13,19.42389,3.5],"rotation":{"angle":45,"axis":"z","origin":[10.10372,15.92389,3.5]},"faces":{"north":{"uv":[15.125,0,14.5,0.875],"texture":"#0"},"east":{"uv":[0,0,0,12],"texture":"#missing"},"south":{"uv":[14.5,0,15.125,0.875],"texture":"#0"},"west":{"uv":[0,0,0,12],"texture":"#missing"},"up":{"uv":[0,10,0,0],"rotation":90,"texture":"#missing"},"down":{"uv":[0,10,0,0],"rotation":270,"texture":"#missing"}}}],"gui_light":"front","display":{"thirdperson_righthand":{"translation":[0,-1.5,0.75],"scale":[0.44,0.44,0.44]},"thirdperson_lefthand":{"translation":[0,-1.5,0.75],"scale":[0.44,0.44,0.44]},"firstperson_righthand":{"rotation":[12.5,16,0.27],"translation":[9.5,-1.25,-11.5],"scale":[0.7875,0.7875,0.7875]},"firstperson_lefthand":{"rotation":[12.5,16,0.27],"translation":[9.5,-1.25,-11.5],"scale":[0.7875,0.7875,0.7875]},"ground":{"rotation":[0,0,90],"translation":[1.25,0.25,0],"scale":[0.5,0.5,0.5]},"gui":{"rotation":[115,45,-111],"translation":[-1.5,1.5,0],"scale":[0.37703,0.37703,0.37898]},"head":{"rotation":[90,-168,90],"translation":[-0.5,9.75,0],"scale":[0.56,0.56,0.56]},"fixed":{"rotation":[0,90,0],"translation":[-3.5,0.5,-4.25],"scale":[0.98719,0.98719,0.98719]}}}