{"credit":"MadewithBlockbench","texture_size":[32,32],"textures":{"0":"toy_furniture_v1:toy_furniture_v1/student_backpack","particle":"toy_furniture_v1:toy_furniture_v1/student_backpack"},"elements":[{"from":[2,0,5],"to":[14,13,13],"faces":{"north":{"uv":[4,0,10,6.5],"texture":"#0"},"east":{"uv":[0,0,4,6.5],"texture":"#0"},"south":{"uv":[10,0,16,6.5],"texture":"#0"},"west":{"uv":[4,0,0,6.5],"texture":"#0"},"up":{"uv":[16,10.5,10,6.5],"texture":"#0"},"down":{"uv":[16,10.5,10,14.5],"texture":"#0"}}},{"from":[1,0,6],"to":[2,4,12],"faces":{"north":{"uv":[3,10,3.5,12],"texture":"#0"},"south":{"uv":[3.5,10,3,12],"texture":"#0"},"west":{"uv":[0,10,3,12],"texture":"#0"},"up":{"uv":[5.5,10,5,7],"texture":"#0"},"down":{"uv":[6,7,5.5,10],"texture":"#0"}}},{"from":[14,0,6],"to":[15,4,12],"rotation":{"angle":0,"axis":"y","origin":[16,0,0]},"faces":{"north":{"uv":[3.5,10,3,12],"texture":"#0"},"east":{"uv":[3,10,0,12],"texture":"#0"},"south":{"uv":[3,10,3.5,12],"texture":"#0"},"up":{"uv":[5,10,5.5,7],"texture":"#0"},"down":{"uv":[5.5,7,6,10],"texture":"#0"}}},{"from":[3.5,11,13],"to":[6.5,12,15],"faces":{"east":{"uv":[0,12,1,12.5],"texture":"#0"},"south":{"uv":[3.5,12,5,12.5],"texture":"#0"},"west":{"uv":[1,12,0,12.5],"texture":"#0"},"up":{"uv":[5,12,3.5,11],"texture":"#0"},"down":{"uv":[5,11,3.5,12],"texture":"#0"}}},{"from":[9.5,0,13],"to":[12.5,1,15],"rotation":{"angle":0,"axis":"y","origin":[16,0,0]},"faces":{"east":{"uv":[2,12,1,12.5],"texture":"#0"},"south":{"uv":[5,10,3.5,10.5],"texture":"#0"},"west":{"uv":[1,12,2,12.5],"texture":"#0"},"up":{"uv":[3.5,11,5,10],"texture":"#0"},"down":{"uv":[3.5,10,5,11],"texture":"#0"}}},{"from":[9.5,1,14],"to":[12.5,11,15],"rotation":{"angle":0,"axis":"y","origin":[16,0,0]},"faces":{"north":{"uv":[8,7,6.5,12],"texture":"#0"},"east":{"uv":[8.5,7,8,12],"texture":"#0"},"south":{"uv":[10,7,8.5,12],"texture":"#0"},"west":{"uv":[6.5,7,6,12],"texture":"#0"}}},{"from":[9.5,11,13],"to":[12.5,12,15],"rotation":{"angle":0,"axis":"y","origin":[16,0,0]},"faces":{"east":{"uv":[0,12,1,12.5],"texture":"#0"},"south":{"uv":[5,12,3.5,12.5],"texture":"#0"},"west":{"uv":[1,12,0,12.5],"texture":"#0"},"up":{"uv":[3.5,12,5,11],"texture":"#0"},"down":{"uv":[3.5,11,5,12],"texture":"#0"}}},{"from":[3.5,0,13],"to":[6.5,1,15],"faces":{"east":{"uv":[2,12,1,12.5],"texture":"#0"},"south":{"uv":[3.5,10,5,10.5],"texture":"#0"},"west":{"uv":[1,12,2,12.5],"texture":"#0"},"up":{"uv":[5,11,3.5,10],"texture":"#0"},"down":{"uv":[5,10,3.5,11],"texture":"#0"}}},{"from":[3.5,1,14],"to":[6.5,11,15],"faces":{"north":{"uv":[6.5,7,8,12],"texture":"#0"},"east":{"uv":[6,7,6.5,12],"texture":"#0"},"south":{"uv":[8.5,7,10,12],"texture":"#0"},"west":{"uv":[8,7,8.5,12],"texture":"#0"}}},{"from":[3,13,5],"to":[13,14,13],"faces":{"east":{"uv":[6,12,10,12.5],"texture":"#0"},"south":{"uv":[5,6.5,10,7],"texture":"#0"},"west":{"uv":[10,12,6,12.5],"texture":"#0"},"up":{"uv":[15.5,10.5,10.5,6.5],"texture":"#0"}}},{"from":[3,9,4],"to":[13,14,5],"faces":{"north":{"uv":[0,7,5,9.5],"texture":"#0"},"east":{"uv":[5.5,10,6,12.5],"texture":"#0"},"west":{"uv":[6,10,5.5,12.5],"texture":"#0"},"up":{"uv":[5,7,0,6.5],"texture":"#0"},"down":{"uv":[5,9.5,0,10],"texture":"#0"}}},{"from":[6,9,3.5],"to":[10,11,4],"faces":{"north":{"uv":[6,12.5,8,13.5],"texture":"#0"},"east":{"uv":[9.75,12.5,9.5,13.5],"texture":"#0"},"west":{"uv":[9.5,12.5,9.75,13.5],"texture":"#0"},"up":{"uv":[8,12.75,6,12.5],"texture":"#0"},"down":{"uv":[8,13.5,6,13.25],"texture":"#0"}}},{"from":[3,14,5],"to":[6,16,6],"faces":{"north":{"uv":[8,12.5,9.5,13.5],"texture":"#0"},"east":{"uv":[7.5,13.5,8,14.5],"texture":"#0"},"south":{"uv":[9.5,13.5,8,14.5],"texture":"#0"},"west":{"uv":[8,13.5,7.5,14.5],"texture":"#0"},"up":{"uv":[6,14,7.5,13.5],"texture":"#0"}}},{"from":[10,14,5],"to":[13,16,6],"rotation":{"angle":0,"axis":"y","origin":[16,0,0]},"faces":{"north":{"uv":[9.5,12.5,8,13.5],"texture":"#0"},"east":{"uv":[7.5,13.5,8,14.5],"texture":"#0"},"south":{"uv":[9.5,13.5,8,14.5],"texture":"#0"},"west":{"uv":[8,13.5,7.5,14.5],"texture":"#0"},"up":{"uv":[6,14,7.5,13.5],"texture":"#0"}}},{"from":[3,0,3],"to":[13,6,5],"faces":{"north":{"uv":[0,12.5,5,15.5],"texture":"#0"},"east":{"uv":[5,12.5,6,15.5],"texture":"#0"},"west":{"uv":[6,12.5,5,15.5],"texture":"#0"},"up":{"uv":[11,15.5,6,14.5],"texture":"#0"},"down":{"uv":[16,14.5,11,15.5],"texture":"#0"}}}],"gui_light":"front","display":{"thirdperson_righthand":{"rotation":[67.5,0,0],"translation":[0,1.5,0],"scale":[0.27031,0.27031,0.27031]},"thirdperson_lefthand":{"rotation":[67.5,0,0],"translation":[0,1.5,0],"scale":[0.27031,0.27031,0.27031]},"firstperson_righthand":{"translation":[0.25,3.75,0.25],"scale":[0.48398,0.48398,0.48398]},"firstperson_lefthand":{"translation":[0.25,3.75,0.25],"scale":[0.48398,0.48398,0.48398]},"ground":{"translation":[0,6,0],"scale":[0.6,0.6,0.6]},"gui":{"rotation":[35,135,0],"translation":[-0.25,0.5,0],"scale":[0.75,0.75,0.75]},"head":{"rotation":[0,-180,0],"translation":[0,-30.4,1.6],"scale":[1.6,1.6,1.6]},"fixed":{"rotation":[-90,0,0],"translation":[0,-2.5,-16],"scale":[2,2,2]}}}