{"credit":"Madebysamus2002","texture_size":[64,64],"textures":{"0":"food2:food2_texture/taco","particle":"food2:food2_texture/taco"},"elements":[{"from":[7,6.625,5.25],"to":[9,7.125,10.75],"rotation":{"angle":0,"axis":"y","origin":[8,8,8]},"faces":{"north":{"uv":[5,4.5,5.5,4.625],"texture":"#0"},"east":{"uv":[9.5,0,10.875,0.125],"texture":"#0"},"south":{"uv":[10.25,4.25,10.75,4.375],"texture":"#0"},"west":{"uv":[9.5,0.5,10.875,0.625],"texture":"#0"},"up":{"uv":[5.5,8.875,5,7.5],"texture":"#0"},"down":{"uv":[8.25,4.25,7.75,5.625],"texture":"#0"}}},{"from":[6.5,6.625,5.25],"to":[7,10.625,10.75],"rotation":{"angle":0,"axis":"y","origin":[8,8,8]},"faces":{"north":{"uv":[4.75,10,4.875,11],"texture":"#0"},"east":{"uv":[4.25,5,5.625,6],"texture":"#0"},"south":{"uv":[5.25,10,5.375,11],"texture":"#0"},"west":{"uv":[6,0,7.375,1],"texture":"#0"},"up":{"uv":[2.125,10.875,2,9.5],"texture":"#0"},"down":{"uv":[2.625,9.5,2.5,10.875],"texture":"#0"}}},{"from":[7.25,7.125,5.25],"to":[8.75,11.125,10.75],"rotation":{"angle":0,"axis":"y","origin":[8,8,8]},"faces":{"north":{"uv":[0,9,0.375,10],"texture":"#0"},"east":{"uv":[6,1.25,7.375,2.25],"texture":"#0"},"south":{"uv":[0.75,9,1.125,10],"texture":"#0"},"west":{"uv":[6,4.5,7.375,5.5],"texture":"#0"},"up":{"uv":[4.125,9.375,3.75,8],"texture":"#0"},"down":{"uv":[8.875,4.25,8.5,5.625],"texture":"#0"}}},{"from":[9,6.625,5.25],"to":[9.5,10.625,10.75],"rotation":{"angle":0,"axis":"y","origin":[8,8,8]},"faces":{"north":{"uv":[5.25,10,5.375,11],"texture":"#0"},"east":{"uv":[6,0,7.375,1],"texture":"#0"},"south":{"uv":[4.75,10,4.875,11],"texture":"#0"},"west":{"uv":[4.25,5,5.625,6],"texture":"#0"},"up":{"uv":[2.125,10.875,2,9.5],"rotation":180,"texture":"#0"},"down":{"uv":[2.625,9.5,2.5,10.875],"rotation":180,"texture":"#0"}}}],"gui_light":"front","display":{"thirdperson_righthand":{"rotation":[0,90,0],"translation":[0,0,1],"scale":[1.5,1.5,1.5]},"thirdperson_lefthand":{"rotation":[0,90,0],"translation":[0,0,1],"scale":[1.5,1.5,1.5]},"firstperson_righthand":{"rotation":[-2,97,2],"translation":[1,0,-1],"scale":[1.5,1.5,1.5]},"firstperson_lefthand":{"rotation":[-2,97,2],"translation":[1,0,-1],"scale":[1.5,1.5,1.5]},"ground":{"scale":[1.5,1.5,1.5]},"gui":{"rotation":[23,-50,0],"translation":[0,-1.75,0],"scale":[2,2,2]},"head":{"translation":[0,-40.25,0],"scale":[2.26172,2.26172,2.26172]},"fixed":{"rotation":[-90,52,0],"translation":[0,0,-3.25],"scale":[2.4,2.4,2.4]}}}