{"credit":"MadebyLZLeonwithBlockbench,Contact-Discord:LZBlocks#0261-E-Mail:lzblocks@outlook.com","texture_size":[64,64],"textures":{"0":"plantas:furniture/plants/plants_big_cactus","particle":"plantas:furniture/plants/plants_big_cactus"},"elements":[{"from":[3,0,3],"to":[13,7,13],"faces":{"north":{"uv":[2.5,2.5,5,4.25],"texture":"#0"},"east":{"uv":[0,2.5,2.5,4.25],"texture":"#0"},"south":{"uv":[7.5,2.5,10,4.25],"texture":"#0"},"west":{"uv":[5,2.5,7.5,4.25],"texture":"#0"},"up":{"uv":[5,2.5,2.5,0],"texture":"#0"},"down":{"uv":[7.5,0,5,2.5],"texture":"#0"}}},{"from":[4,7,4],"to":[9,17,9],"faces":{"north":{"uv":[1.25,5.5,2.5,8],"texture":"#0"},"east":{"uv":[0,5.5,1.25,8],"texture":"#0"},"south":{"uv":[3.75,5.5,5,8],"texture":"#0"},"west":{"uv":[2.5,5.5,3.75,8],"texture":"#0"},"up":{"uv":[2.5,5.5,1.25,4.25],"texture":"#0"},"down":{"uv":[3.75,4.25,2.5,5.5],"texture":"#0"}}},{"from":[5,7,9],"to":[8,12,12],"faces":{"north":{"uv":[5.75,5,6.5,6.25],"texture":"#0"},"east":{"uv":[5,5,5.75,6.25],"texture":"#0"},"south":{"uv":[7.25,5,8,6.25],"texture":"#0"},"west":{"uv":[6.5,5,7.25,6.25],"texture":"#0"},"up":{"uv":[6.5,5,5.75,4.25],"texture":"#0"},"down":{"uv":[7.25,4.25,6.5,5],"texture":"#0"}}},{"from":[9,7,5],"to":[12,11,8],"faces":{"north":{"uv":[5.75,7,6.5,8],"texture":"#0"},"east":{"uv":[5,7,5.75,8],"texture":"#0"},"south":{"uv":[7.25,7,8,8],"texture":"#0"},"west":{"uv":[6.5,7,7.25,8],"texture":"#0"},"up":{"uv":[6.5,7,5.75,6.25],"texture":"#0"},"down":{"uv":[7.25,6.25,6.5,7],"texture":"#0"}}},{"from":[4,7,9.41421],"to":[5,17,9.41421],"rotation":{"angle":45,"axis":"y","origin":[4,7,10.41421]},"faces":{"north":{"uv":[7.5,0,7.75,2.5],"texture":"#0"},"east":{"uv":[7.5,0,7.5,2.5],"texture":"#0"},"south":{"uv":[7.75,0,8,2.5],"texture":"#0"},"west":{"uv":[7.75,0,7.75,2.5],"texture":"#0"},"up":{"uv":[7.75,0,7.5,0],"texture":"#0"},"down":{"uv":[8,0,7.75,0],"texture":"#0"}}},{"from":[12,7,9.41421],"to":[13,17,9.41421],"rotation":{"angle":45,"axis":"y","origin":[4,7,10.41421]},"faces":{"north":{"uv":[7.5,0,7.75,2.5],"texture":"#0"},"east":{"uv":[7.5,0,7.5,2.5],"texture":"#0"},"south":{"uv":[7.75,0,8,2.5],"texture":"#0"},"west":{"uv":[7.75,0,7.75,2.5],"texture":"#0"},"up":{"uv":[7.75,0,7.5,0],"texture":"#0"},"down":{"uv":[8,0,7.75,0],"texture":"#0"}}},{"from":[4.99929,7,12.41351],"to":[5.99929,12,12.41351],"rotation":{"angle":45,"axis":"y","origin":[4.99929,7,13.41351]},"faces":{"north":{"uv":[8,0,8.25,1.25],"texture":"#0"},"east":{"uv":[8,0,8,1.25],"texture":"#0"},"south":{"uv":[8.25,0,8.5,1.25],"texture":"#0"},"west":{"uv":[8.25,0,8.25,1.25],"texture":"#0"},"up":{"uv":[8.25,0,8,0],"texture":"#0"},"down":{"uv":[8.5,0,8.25,0],"texture":"#0"}}},{"from":[8.41421,7,11],"to":[8.41421,12,12],"rotation":{"angle":45,"axis":"y","origin":[9.41421,7,12]},"faces":{"north":{"uv":[0.25,4.25,0.25,5.5],"texture":"#0"},"east":{"uv":[0,4.25,0.25,5.5],"texture":"#0"},"south":{"uv":[0.5,4.25,0.5,5.5],"texture":"#0"},"west":{"uv":[0.25,4.25,0.5,5.5],"texture":"#0"},"up":{"uv":[0.25,4.25,0.25,4],"texture":"#0"},"down":{"uv":[0.25,4,0.25,4.25],"texture":"#0"}}},{"from":[12.41351,7,7.00071],"to":[12.41351,11,8.00071],"rotation":{"angle":45,"axis":"y","origin":[13.41351,7,8.00071]},"faces":{"north":{"uv":[0.25,4.25,0.25,5.25],"texture":"#0"},"east":{"uv":[0,4.25,0.25,5.25],"texture":"#0"},"south":{"uv":[0.5,4.25,0.5,5.25],"texture":"#0"},"west":{"uv":[0.25,4.25,0.5,5.25],"texture":"#0"},"up":{"uv":[0.25,4.25,0.25,4],"texture":"#0"},"down":{"uv":[0.25,4,0.25,4.25],"texture":"#0"}}},{"from":[12.7064,7,4.7064],"to":[13.7064,11,4.7064],"rotation":{"angle":45,"axis":"y","origin":[12.7064,7,5.7064]},"faces":{"north":{"uv":[0,4.25,0.25,5.25],"texture":"#0"},"east":{"uv":[0,4.25,0,5.25],"texture":"#0"},"south":{"uv":[0.25,4.25,0.5,5.25],"texture":"#0"},"west":{"uv":[0.25,4.25,0.25,5.25],"texture":"#0"},"up":{"uv":[0.25,4.25,0,4.25],"texture":"#0"},"down":{"uv":[0.5,4.25,0.25,4.25],"texture":"#0"}}},{"from":[3.58508,7,4.00071],"to":[3.58508,17,5.00071],"rotation":{"angle":45,"axis":"y","origin":[2.58508,7,4.00071]},"faces":{"north":{"uv":[0.25,8,0.25,10.5],"texture":"#0"},"east":{"uv":[0,8,0.25,10.5],"texture":"#0"},"south":{"uv":[0.5,8,0.5,10.5],"texture":"#0"},"west":{"uv":[0.25,8,0.5,10.5],"texture":"#0"},"up":{"uv":[0.25,8,0.25,7.75],"texture":"#0"},"down":{"uv":[0.25,7.75,0.25,8],"texture":"#0"}}},{"from":[3.58508,7,12.00071],"to":[3.58508,17,13.00071],"rotation":{"angle":45,"axis":"y","origin":[2.58508,7,4.00071]},"faces":{"north":{"uv":[0.25,8,0.25,10.5],"texture":"#0"},"east":{"uv":[0,8,0.25,10.5],"texture":"#0"},"south":{"uv":[0.5,8,0.5,10.5],"texture":"#0"},"west":{"uv":[0.25,8,0.5,10.5],"texture":"#0"},"up":{"uv":[0.25,8,0.25,7.75],"texture":"#0"},"down":{"uv":[0.25,7.75,0.25,8],"texture":"#0"}}},{"from":[4,17,6.5],"to":[9,20,6.5],"rotation":{"angle":45,"axis":"y","origin":[6.5,17,6.5]},"faces":{"north":{"uv":[0,0,1.25,0.75],"texture":"#0"},"east":{"uv":[0,0,0,0.75],"texture":"#0"},"south":{"uv":[1.25,0,2.5,0.75],"texture":"#0"},"west":{"uv":[1.25,0,1.25,0.75],"texture":"#0"},"up":{"uv":[1.25,0,0,0],"texture":"#0"},"down":{"uv":[2.5,0,1.25,0],"texture":"#0"}}},{"from":[6.5,17,4],"to":[6.5,20,9],"rotation":{"angle":45,"axis":"y","origin":[6.5,17,6.5]},"faces":{"north":{"uv":[1.25,0,1.25,0.75],"texture":"#0"},"east":{"uv":[0,0,1.25,0.75],"texture":"#0"},"south":{"uv":[2.5,0,2.5,0.75],"texture":"#0"},"west":{"uv":[1.25,0,2.5,0.75],"texture":"#0"},"up":{"uv":[1.25,0,1.25,-1.25],"texture":"#0"},"down":{"uv":[1.25,-1.25,1.25,0],"texture":"#0"}}},{"from":[3.5,12,8],"to":[3.5,14,11],"rotation":{"angle":45,"axis":"y","origin":[6.5,17,6.5]},"faces":{"north":{"uv":[4.75,4.25,4.75,4.75],"texture":"#0"},"east":{"uv":[4,4.25,4.75,4.75],"texture":"#0"},"south":{"uv":[5.5,4.25,5.5,4.75],"texture":"#0"},"west":{"uv":[4.75,4.25,5.5,4.75],"texture":"#0"},"up":{"uv":[4.75,4.25,4.75,3.5],"texture":"#0"},"down":{"uv":[4.75,3.5,4.75,4.25],"texture":"#0"}}},{"from":[2,12,9.5],"to":[5,14,9.5],"rotation":{"angle":45,"axis":"y","origin":[6.5,17,6.5]},"faces":{"north":{"uv":[4,4.25,4.75,4.75],"texture":"#0"},"east":{"uv":[4,4.25,4,4.75],"texture":"#0"},"south":{"uv":[4.75,4.25,5.5,4.75],"texture":"#0"},"west":{"uv":[4.75,4.25,4.75,4.75],"texture":"#0"},"up":{"uv":[4.75,4.25,4,4.25],"texture":"#0"},"down":{"uv":[5.5,4.25,4.75,4.25],"texture":"#0"}}},{"from":[9.3,11,7.8],"to":[9.3,13,10.8],"rotation":{"angle":45,"axis":"y","origin":[6.5,17,6.5]},"faces":{"north":{"uv":[4.75,4.25,4.75,4.75],"texture":"#0"},"east":{"uv":[4,4.25,4.75,4.75],"texture":"#0"},"south":{"uv":[5.5,4.25,5.5,4.75],"texture":"#0"},"west":{"uv":[4.75,4.25,5.5,4.75],"texture":"#0"},"up":{"uv":[4.75,4.25,4.75,3.5],"texture":"#0"},"down":{"uv":[4.75,3.5,4.75,4.25],"texture":"#0"}}},{"from":[7.8,11,9.3],"to":[10.8,13,9.3],"rotation":{"angle":45,"axis":"y","origin":[6.5,17,6.5]},"faces":{"north":{"uv":[4,4.25,4.75,4.75],"texture":"#0"},"east":{"uv":[4,4.25,4,4.75],"texture":"#0"},"south":{"uv":[4.75,4.25,5.5,4.75],"texture":"#0"},"west":{"uv":[4.75,4.25,4.75,4.75],"texture":"#0"},"up":{"uv":[4.75,4.25,4,4.25],"texture":"#0"},"down":{"uv":[5.5,4.25,4.75,4.25],"texture":"#0"}}}],"display":{"thirdperson_righthand":{"rotation":[60,-160,0],"translation":[-0.75,3.5,1.75],"scale":[0.6,0.6,0.6]},"thirdperson_lefthand":{"rotation":[60,-160,0],"translation":[-0.75,3.5,1.75],"scale":[0.6,0.6,0.6]},"firstperson_righthand":{"rotation":[0,-73,6],"translation":[0.75,1.25,0],"scale":[0.4,0.4,0.4]},"firstperson_lefthand":{"rotation":[0,-73,6],"translation":[0.75,1.25,0],"scale":[0.4,0.4,0.4]},"ground":{"translation":[0,1.5,0],"scale":[0.6,0.6,0.6]},"gui":{"rotation":[30,-40,0],"translation":[0,-0.25,0],"scale":[0.5,0.5,0.5]},"head":{"translation":[0,-30.4,0],"scale":[1.6,1.6,1.6]},"fixed":{"rotation":[-90,0,0],"translation":[0,0,-15],"scale":[2,2,2]}}}